baseMean,log2FoldChange,lfcSE,stat,pvalue,padj,ensembl_gene_id,gene_name,NAME,GENE FAMILY,MOLECULAR TYPE,LOCATION
315.7065162,1.071295498,0.118797399,9.017836324,1.91840675984096e-19,1.87017253273639e-16,ENSG00000132698,RAB25,"RAB25, member RAS oncogene family","RAB, member RAS oncogene GTPases",None,1q22
1380.703999,0.745913431,0.093532535,7.974908719,1.52493483391505e-15,1.09538476911961e-12,ENSG00000118640,VAMP8,vesicle associated membrane protein 8,Vesicle associated membrane proteins,transporter,2p11.2
1597.196093,0.811597684,0.139406546,5.821804685,5.82155586789824e-09,1.30250154893566e-06,ENSG00000120885,CLU,clusterin,Complement system regulators and receptors|MicroRNA protein coding host genes,None,8p21.1
99.10942918,0.791172363,0.171915789,4.602092511,4.18267334157249e-06,0.000404859,ENSG00000123240,OPTN,optineurin,None,other,10p13
230.403285,0.575539531,0.127396694,4.517695953,6.25161651614945e-06,0.000584398,ENSG00000139112,GABARAPL1,GABA type A receptor associated protein like 1,Autophagy related,other,12p13.2
29.91200334,-1.154658358,0.271822655,-4.2478371,2.15844242832508e-05,0.001649377,ENSG00000136848,DAB2IP,DAB2 interacting protein,C2 and RasGAP domain containing,None,9q33.2
939.1586594,0.399729304,0.104440378,3.827344461,0.000129533,0.006747591,ENSG00000176171,BNIP3,BCL2 interacting protein 3,BCL2 homology region 3 (BH3) only,other,10q26.3
27.34305043,-0.982660051,0.261243561,-3.761470889,0.000168917,0.008383201,ENSG00000128052,KDR,kinase insert domain receptor,Receptor tyrosine kinases|CD molecules|I-set domain containing|V-set domain containing,kinase,4q12
205.0465238,-0.399445345,0.107052087,-3.731317675,0.000190481,0.009026676,ENSG00000116688,MFN2,mitofusin 2,None,enzyme,1p36.22
31.22369667,1.313733938,0.370552308,3.545340049,0.000392107,0.015693474,ENSG00000278910,BANCR,BRAF-activated non-protein coding RNA,Long non-coding RNAs with non-systematic symbols,None,9q21.11-q21.12
19.29619325,1.229985724,0.353839611,3.476110891,0.000508742,0.018917346,ENSG00000152137,HSPB8,heat shock protein family B (small) member 8,Small heat shock proteins,kinase,12q24.23
13.83709729,1.26628464,0.392386332,3.227137479,0.001250354,0.036071034,ENSG00000162409,PRKAA2,protein kinase AMP-activated catalytic subunit alpha 2,Protein kinase AMP-activated catalytic subunit alphas,kinase,1p32.2
5.440279321,1.949092718,0.619621297,3.145619314,0.001657356,0.044006988,ENSG00000102445,RUBCNL,rubicon like autophagy enhancer,PIK3C3 complex subunits,None,13q14.13
431.8591382,0.33189327,0.107947676,3.074575414,0.002108024,0.051814156,ENSG00000123595,RAB9A,"RAB9A, member RAS oncogene family","RAB, member RAS oncogene GTPases",None,Xp22.2
77.851236,-0.513524487,0.168522295,-3.047219883,0.002309687,0.054917433,ENSG00000085978,ATG16L1,autophagy related 16 like 1,WD repeat domain containing|Autophagy related,enzyme,2q37.1
12.02017571,-1.155031018,0.379703473,-3.041929031,0.002350673,0.05547025,ENSG00000100299,ARSA,arylsulfatase A,Sulfatases,enzyme,22q13.33
886.8032931,0.510044655,0.167806462,3.039481612,0.002369857,0.055573547,ENSG00000164305,CASP3,caspase 3,Caspases|Small nucleolar RNA protein coding host genes,peptidase,4q35.1
169.3634098,-0.429064446,0.142780117,-3.005071406,0.002655185,0.060598605,ENSG00000108946,PRKAR1A,protein kinase cAMP-dependent type I regulatory subunit alpha,Protein kinase A subunits,kinase,17q24.2
15.28217759,-1.100402514,0.372813548,-2.951616218,0.003161156,0.068302567,ENSG00000109339,MAPK10,mitogen-activated protein kinase 10,Mitogen-activated protein kinases|MicroRNA protein coding host genes,kinase,4q21.3
247.1836696,0.338752604,0.123056383,2.752824322,0.005908359,0.100545245,ENSG00000083937,CHMP2B,charged multivesicular body protein 2B,Charged multivesicular body proteins|ESCRT-III,other,3p11.2
264.4250052,-0.308281575,0.114695474,-2.68782686,0.007191868,0.113144554,ENSG00000141510,TP53,tumor protein p53,None,transcription regulator,17p13.1
1233.125138,-0.25038882,0.094319504,-2.654687636,0.007938188,0.11905537,ENSG00000143799,PARP1,poly(ADP-ribose) polymerase 1,Zinc fingers PARP-type|Poly(ADP-ribose) polymerases,enzyme,1q42.12
439.0999324,-0.340083504,0.129873852,-2.618567926,0.008829971,0.126454821,ENSG00000126247,CAPNS1,calpain small subunit 1,EF-hand domain containing,peptidase,19q13.12
88.848943,-0.388155815,0.151169591,-2.567684499,0.010238029,0.137537626,ENSG00000147649,MTDH,metadherin,None,transcription regulator,8q22.1
152.270958,0.319206148,0.12766368,2.50036775,0.012406445,0.15309923,ENSG00000162627,SNX7,sorting nexin 7,Sorting nexins|PX-BAR domain containing,None,1p21.3
647.1301614,0.346828293,0.145626124,2.381635126,0.017235966,0.185534848,ENSG00000069509,FUNDC1,FUN14 domain containing 1,None,other,Xp11.3
274.6975185,0.372367062,0.15741788,2.365468656,0.018007267,0.18948588,ENSG00000234741,GAS5,growth arrest specific 5,Long non-coding RNAs with non-systematic symbols|Small nucleolar RNA non-coding host genes,None,1q25.1
20.25683911,0.79197127,0.336052902,2.356686301,0.018438816,0.191954966,ENSG00000112210,RAB23,"RAB23, member RAS oncogene family","RAB, member RAS oncogene GTPases",None,6p12.1-p11.2
33.89929352,-0.551186916,0.237397566,-2.3217884,0.020244332,0.201954249,ENSG00000140474,ULK3,unc-51 like kinase 3,MicroRNA protein coding host genes,kinase,15q24.1
209.1407271,-0.352495034,0.152828148,-2.306479784,0.021083838,0.205662335,ENSG00000185896,LAMP1,lysosomal associated membrane protein 1,Lysosome associated membrane proteins|CD molecules,other,13q34
211.6494915,0.292095313,0.126722022,2.305008293,0.021166109,0.205751464,ENSG00000079950,STX7,syntaxin 7,Syntaxins,transporter,6q23.2
911.7576452,0.280550074,0.122411771,2.291855375,0.02191399,0.209456431,ENSG00000087088,BAX,"BCL2 associated X, apoptosis regulator",BCL2 family,transporter,19q13.33
2599.567176,0.261260654,0.116587228,2.240902869,0.025032367,0.22640275,ENSG00000044574,HSPA5,heat shock protein family A (Hsp70) member 5,Heat shock 70kDa proteins,enzyme,9q33.3
450.9031016,-0.352563049,0.159448416,-2.211141743,0.027026023,0.236443053,ENSG00000114867,EIF4G1,eukaryotic translation initiation factor 4 gamma 1,Small nucleolar RNA protein coding host genes|MIF4G domain containing proteins,translation regulator,3q27.1
438.1465333,0.257074459,0.117104589,2.195255214,0.028145296,0.242045995,ENSG00000144848,ATG3,autophagy related 3,Autophagy related,enzyme,3q13.2
36.95759932,-0.513039767,0.234778776,-2.185205049,0.028873816,0.246090001,ENSG00000196455,PIK3R4,phosphoinositide-3-kinase regulatory subunit 4,Armadillo like helical domain containing|WD repeat domain containing|PIK3C3 complex subunits,kinase,3q22.1
27.65873886,-0.61462576,0.297828955,-2.063687058,0.039047397,0.284831041,ENSG00000149639,SOGA1,"suppressor of glucose, autophagy associated 1",None,other,20q11.23
5782.013787,0.233418147,0.113965941,2.048139505,0.040546332,0.290486267,ENSG00000102144,PGK1,phosphoglycerate kinase 1,None,None,Xq21.1
100.2906307,-0.388101487,0.189913688,-2.043567749,0.040996268,0.292175749,ENSG00000107262,BAG1,BAG cochaperone 1,BAG cochaperones,other,9p13.3
2831.342089,0.212156835,0.105508879,2.01079603,0.044347006,0.304186181,ENSG00000146425,DYNLT1,dynein light chain Tctex-type 1,"Dynein 2 complex subunits|Dynein 1 complex subunits|Dyneins, axonemal outer arm complex subunits",None,6q25.3
44.57414278,-0.532184206,0.2657599,-2.002500019,0.045230981,0.307531844,ENSG00000160803,UBQLN4,ubiquilin 4,Ubiquilin family,None,1q22
51.00233309,-0.433509908,0.217928285,-1.98923195,0.046675607,0.311151622,ENSG00000099940,SNAP29,synaptosome associated protein 29,SNAREs,transporter,22q11.21
66.8355175,-0.362926914,0.184181081,-1.970489654,0.04878228,0.315129818,ENSG00000082701,GSK3B,glycogen synthase kinase 3 beta,None,kinase,3q13.33
45.5729634,0.434781784,0.227513151,1.911018249,0.056002236,0.335521736,ENSG00000087074,PPP1R15A,protein phosphatase 1 regulatory subunit 15A,Protein phosphatase 1 regulatory subunits,other,19q13.2
55.61162443,-0.395651268,0.207455155,-1.907165281,0.056499188,0.336872397,ENSG00000111725,PRKAB1,protein kinase AMP-activated non-catalytic subunit beta 1,None,kinase,12q24.23
8.981137997,0.864409418,0.457543994,1.889237821,0.058859969,0.344034628,ENSG00000115363,EVA1A,"eva-1 homolog A, regulator of programmed cell death",None,other,2p12
261.8797541,-0.223117247,0.118386205,-1.884655793,0.059476324,0.345151805,ENSG00000253729,PRKDC,"protein kinase, DNA-activated, catalytic subunit",Armadillo like helical domain containing,kinase,8q11.21
17.91989261,-0.720470716,0.382879033,-1.881718908,0.059874191,0.345868722,ENSG00000225190,PLEKHM1,pleckstrin homology and RUN domain containing M1,Pleckstrin homology domain containing,None,17q21.31
51.07520282,-0.383924185,0.207316098,-1.851878314,0.064043299,0.356842752,ENSG00000141376,BCAS3,BCAS3 microtubule associated cell migration factor,WD repeat domain containing,None,17q23.2
13.52545419,-0.756613058,0.411610468,-1.838177396,0.066036269,0.362014595,ENSG00000142330,CAPN10,calpain 10,Calpains,peptidase,2q37.3
6.939481914,-0.989721371,0.538515602,-1.837869448,0.066081645,0.36205632,ENSG00000083290,ULK2,unc-51 like autophagy activating kinase 2,Autophagy related,kinase,17p11.2
11.30660348,0.779899432,0.425074439,1.834736131,0.066544796,0.362960752,ENSG00000198496,NBR2,neighbor of BRCA1 lncRNA 2,Long non-coding RNAs with non-systematic symbols,None,17q21.31
11.39729555,0.735779657,0.401869492,1.830892047,0.067116658,0.363861684,ENSG00000258102,MAP1LC3B2,microtubule associated protein 1 light chain 3 beta 2,Autophagy related,None,12q24.22
1019.358626,0.208579945,0.11497955,1.814061238,0.069668298,0.371129171,ENSG00000087586,AURKA,aurora kinase A,Protein phosphatase 1 regulatory subunits,kinase,20q13.2
407.7186126,0.28930986,0.15960696,1.812639368,0.069887462,0.371295115,ENSG00000148572,NRBF2,nuclear receptor binding factor 2,PIK3C3 complex subunits,transcription regulator,10q21.3
34.15359467,-0.416789897,0.23354587,-1.784616863,0.074323484,0.380912347,ENSG00000113273,ARSB,arylsulfatase B,Sulfatases,enzyme,5q14.1
753.5600192,-0.286378783,0.161689154,-1.771168792,0.076532637,0.384588747,ENSG00000165280,VCP,valosin containing protein,AAA ATPases,enzyme,9p13.3
391.3626076,-0.304848284,0.171993998,-1.77243559,0.076322278,0.384588747,ENSG00000251562,MALAT1,metastasis associated lung adenocarcinoma transcript 1,Long non-coding RNAs with non-systematic symbols,None,11q13.1
34.45111046,-0.430354771,0.245921571,-1.749967555,0.080123912,0.394207338,ENSG00000204977,TRIM13,tripartite motif containing 13,Ring finger proteins|Tripartite motif family,enzyme,13q14.2
2208.074265,0.161921558,0.094673565,1.710314359,0.087207758,0.406961903,ENSG00000143575,HAX1,HCLS1 associated protein X-1,None,None,1q21.3
78.5171164,-0.330456799,0.193560068,-1.707257095,0.087774277,0.40794992,ENSG00000148396,SEC16A,"SEC16 homolog A, endoplasmic reticulum export factor",None,None,9q34.3
3442.113826,0.158033213,0.092972349,1.699787237,0.089170953,0.411011539,ENSG00000128272,ATF4,activating transcription factor 4,Basic leucine zipper proteins,transcription regulator,22q13.1
58.36200521,-0.314780962,0.187386748,-1.679846448,0.092987195,0.419673734,ENSG00000100934,SEC23A,"SEC23 homolog A, COPII coat complex component",COPII coat complex,None,14q21.1
500.8536882,0.205508698,0.12232253,1.680055976,0.092946425,0.419673734,ENSG00000062716,VMP1,vacuole membrane protein 1,MicroRNA protein coding host genes,other,17q23.1
33.44336916,-0.423597241,0.252132864,-1.680055647,0.092946489,0.419673734,ENSG00000108443,RPS6KB1,ribosomal protein S6 kinase B1,AGC family kinases,kinase,17q23.1
445.7366341,0.228146795,0.137584818,1.658226525,0.097271753,0.429771733,ENSG00000175354,PTPN2,protein tyrosine phosphatase non-receptor type 2,Protein tyrosine phosphatases non-receptor type,phosphatase,18p11.21
497.5527032,0.234000403,0.141642244,1.652052357,0.098523878,0.432086725,ENSG00000153130,SCOC,short coiled-coil protein,None,other,4q31.1
150.2153164,0.237524113,0.14471597,1.641312379,0.100732588,0.437315566,ENSG00000125703,ATG4C,autophagy related 4C cysteine peptidase,Autophagy related,peptidase,1p31.3
133.2916515,-0.329436651,0.201835187,-1.632206238,0.102636047,0.440479358,ENSG00000117984,CTSD,cathepsin D,Cathepsins|Peptidase family A1,peptidase,11p15.5
79.72370472,-0.34834803,0.214249827,-1.625896431,0.10397169,0.444550633,ENSG00000171552,BCL2L1,BCL2 like 1,Protein phosphatase 1 regulatory subunits|BCL2 family,other,20q11.21
51.76454441,-0.379029724,0.234965224,-1.613131157,0.106716016,0.451195845,ENSG00000156171,DRAM2,DNA damage regulated autophagy modulator 2,None,other,1p13.3
65.66758465,-0.387411328,0.242316481,-1.59878241,0.109868959,0.456744304,ENSG00000055483,USP36,ubiquitin specific peptidase 36,Ubiquitin specific peptidases,None,17q25.3
709.6552001,-0.283360409,0.179612341,-1.577622156,0.114652439,0.468402006,ENSG00000130726,TRIM28,tripartite motif containing 28,Ring finger proteins|PHD finger proteins|Protein phosphatase 1 regulatory subunits|MicroRNA protein coding host genes|Bromodomain containing|Tripartite motif family,None,19q13.43
103.8374694,0.304158885,0.19339769,1.572712089,0.115785499,0.469794929,ENSG00000108691,CCL2,C-C motif chemokine ligand 2,Chemokine ligands,cytokine,17q12
165.1145409,-0.288250362,0.18500127,-1.558099369,0.119209694,0.477118448,ENSG00000080815,PSEN1,presenilin 1,Peptidase family A22,peptidase,14q24.2
25.16773902,-0.465373653,0.299193976,-1.555424541,0.119844993,0.477979096,ENSG00000167965,MLST8,"MTOR associated protein, LST8 homolog",WD repeat domain containing|MTOR complex 1|MTOR complex 2,other,16p13.3
5.635613271,-1.05496497,0.68076496,-1.549675779,0.121219354,0.481428553,ENSG00000171791,BCL2,BCL2 apoptosis regulator,Protein phosphatase 1 regulatory subunits|BCL2 family,transporter,18q21.33
62.46750359,-0.331392385,0.21402699,-1.548367263,0.121533898,0.48217768,ENSG00000142082,SIRT3,sirtuin 3,Sirtuins,None,11p15.5
282.4225035,0.164148657,0.106371588,1.54316261,0.122791327,0.48351565,ENSG00000057663,ATG5,autophagy related 5,Autophagy related,other,6q21
87.27563544,-0.26073913,0.169340777,-1.53973033,0.1236261,0.485120477,ENSG00000100030,MAPK1,mitogen-activated protein kinase 1,Mitogen-activated protein kinases,kinase,22q11.22
13.2275893,-0.628827496,0.414541187,-1.516924047,0.129285861,0.492286015,ENSG00000152223,EPG5,ectopic P-granules 5 autophagy tethering factor,None,other,18q12.3-q21.1
13.18622396,-0.628993658,0.416261945,-1.511052512,0.130775072,0.494405102,ENSG00000100568,VTI1B,vesicle transport through interaction with t-SNAREs 1B,SNAREs,transporter,14q24.1
34.53383705,-0.428160466,0.285890661,-1.497637118,0.134227558,0.499232342,ENSG00000103197,TSC2,TSC complex subunit 2,TSC complex|Armadillo like helical domain containing|Protein phosphatase 1 regulatory subunits,other,16p13.3
104.806856,-0.282208916,0.190219339,-1.483597393,0.137915761,0.503820747,ENSG00000094631,HDAC6,histone deacetylase 6,"Histone deacetylases, class IIB|Protein phosphatase 1 regulatory subunits",transcription regulator,Xp11.23
75.80111313,-0.318778364,0.215367581,-1.480159465,0.138830695,0.504865795,ENSG00000157954,WIPI2,"WD repeat domain, phosphoinositide interacting 2",WIPI family|Autophagy related|WD repeat domain containing,other,7p22.1
40.19796735,-0.323928725,0.219058708,-1.478730192,0.13921244,0.505259115,ENSG00000162909,CAPN2,calpain 2,EF-hand domain containing|Calpains,peptidase,1q41
420.1697025,0.234901046,0.159344974,1.474166646,0.140436728,0.507192501,ENSG00000005893,LAMP2,lysosomal associated membrane protein 2,Lysosome associated membrane proteins|CD molecules,enzyme,Xq24
43.42134793,0.370138476,0.254798259,1.452672706,0.146314649,0.515755983,ENSG00000023287,RB1CC1,RB1 inducible coiled-coil 1,Autophagy related|Protein phosphatase 1 regulatory subunits,other,8q11.23
71.8129035,0.30449079,0.210885762,1.44386604,0.148776661,0.519566687,ENSG00000118960,HS1BP3,HCLS1 binding protein 3,None,None,2p24.1
93.94972438,0.225042817,0.158195833,1.422558441,0.154864199,0.529986606,ENSG00000152208,GRID2,glutamate ionotropic receptor delta type subunit 2,Glutamate ionotropic receptor delta type subunits,ion channel,4q22.1-q22.2
346.7015348,0.17443034,0.122889606,1.41940678,0.155780457,0.531390072,ENSG00000101310,SEC23B,"SEC23 homolog B, COPII coat complex component",COPII coat complex,None,20p11.23
14.11024895,-0.532604531,0.378669643,-1.406514995,0.159571255,0.535436091,ENSG00000126775,ATG14,autophagy related 14,Autophagy related|PIK3C3 complex subunits,other,14q22.3
2033.166983,0.17633722,0.125551443,1.404501741,0.160169494,0.535436091,ENSG00000134001,EIF2S1,eukaryotic translation initiation factor 2 subunit alpha,None,translation regulator,14q23.3
66.21991666,-0.292385224,0.208878656,-1.399785073,0.161577689,0.537725507,ENSG00000087470,DNM1L,dynamin 1 like,None,enzyme,12p11.21
18.72477643,-0.586796832,0.427263105,-1.373385216,0.169632623,0.549069419,ENSG00000167323,STIM1,stromal interaction molecule 1,MicroRNA protein coding host genes|Sterile alpha motif domain containing,ion channel,11p15.4
175.1870135,-0.199336176,0.145676059,-1.36835234,0.171201815,0.552008086,ENSG00000168610,STAT3,signal transducer and activator of transcription 3,SH2 domain containing,None,17q21.2
90.99527824,-0.228549259,0.167994109,-1.360459958,0.173684416,0.554815895,ENSG00000144566,RAB5A,"RAB5A, member RAS oncogene family","RAB, member RAS oncogene GTPases",other,3p24.3
2948.237511,0.131178881,0.097747219,1.342021611,0.179588989,0.562291928,ENSG00000213585,VDAC1,voltage dependent anion channel 1,Voltage dependent anion channels,ion channel,5q31.1
134.9459763,-0.216336111,0.163346059,-1.324403615,0.185369035,0.569416292,ENSG00000079999,KEAP1,kelch like ECH associated protein 1,BTB domain containing|Kelch like,transcription regulator,19p13.2
21.88435899,-0.433695976,0.328718115,-1.319355269,0.187050369,0.571621906,ENSG00000055332,EIF2AK2,eukaryotic translation initiation factor 2 alpha kinase 2,Protein phosphatase 1 regulatory subunits|Eukaryotic translation initiation factor 2 alpha kinases,kinase,2p22.2
39.20243487,-0.320943952,0.245358668,-1.308060377,0.190852832,0.573889693,ENSG00000132256,TRIM5,tripartite motif containing 5,Tripartite motif family|Ring finger proteins,enzyme,11p15.4
57.79867456,-0.274124918,0.210101882,-1.304723762,0.191986927,0.575060259,ENSG00000050748,MAPK9,mitogen-activated protein kinase 9,Mitogen-activated protein kinases,kinase,5q35.3
75.44130963,-0.251503971,0.195986827,-1.283269772,0.199397579,0.583258783,ENSG00000112977,DAP,death associated protein,None,transcription regulator,5p15.2
880.1954656,0.115190788,0.091286123,1.261865269,0.206997271,0.591767649,ENSG00000074319,TSG101,tumor susceptibility 101,ESCRT-I,transcription regulator,11p15.1
2481.39838,0.10062486,0.082127123,1.225232983,0.220487451,0.608905853,ENSG00000080824,HSP90AA1,heat shock protein 90 alpha family class A member 1,Heat shock 90kDa proteins,enzyme,14q32.31
77.62715937,-0.208833645,0.171448282,-1.218056211,0.223202613,0.612808139,ENSG00000188554,NBR1,NBR1 autophagy cargo receptor,Zinc fingers ZZ-type,other,17q21.31
144.0682983,-0.176847745,0.146724092,-1.205308163,0.228084359,0.618408577,ENSG00000197548,ATG7,autophagy related 7,Ubiquitin like modifier activating enzymes|Autophagy related,enzyme,3p25.3
667.9440061,0.126676257,0.105023024,1.20617606,0.227749613,0.618408577,ENSG00000164733,CTSB,cathepsin B,Cathepsins,peptidase,8p23.1
47.85026408,-0.254797543,0.216502707,-1.176879246,0.239243707,0.629939475,ENSG00000110497,AMBRA1,autophagy and beclin 1 regulator 1,DDB1 and CUL4 associated factors|MicroRNA protein coding host genes|WD repeat domain containing,other,11p11.2
2566.732082,0.10567658,0.090037542,1.173694628,0.240517363,0.631751533,ENSG00000130724,CHMP2A,charged multivesicular body protein 2A,Charged multivesicular body proteins|ESCRT-III,other,19q13.43
25.55256468,-0.325148472,0.277345497,-1.172358938,0.241052978,0.632559151,ENSG00000198382,UVRAG,UV radiation resistance associated,C2 domain containing|PIK3C3 complex subunits,other,11q13.5
523.9385884,0.13361073,0.114937389,1.162465332,0.245046499,0.636179307,ENSG00000145979,TBC1D7,TBC1 domain family member 7,TSC complex,None,6p24.1
227.9135973,0.195154174,0.16785901,1.162607679,0.244988714,0.636179307,ENSG00000140941,MAP1LC3B,microtubule associated protein 1 light chain 3 beta,Autophagy related,other,16q24.2
3205.103388,0.107202321,0.092591673,1.157796564,0.246947066,0.638351553,ENSG00000100380,ST13,ST13 Hsp70 interacting protein,Tetratricopeptide repeat domain containing,other,22q13.2
150.5025125,-0.174067441,0.150659409,-1.155370535,0.247938723,0.639189212,ENSG00000100644,HIF1A,hypoxia inducible factor 1 subunit alpha,Basic helix-loop-helix proteins|PAS domain containing,transcription regulator,14q23.2
26.91968059,-0.348461877,0.302878945,-1.150498847,0.249938469,0.641624295,ENSG00000110931,CAMKK2,calcium/calmodulin dependent protein kinase kinase 2,None,kinase,12q24.31
12.00568414,0.473955189,0.41263838,1.14859696,0.250722211,0.642134338,ENSG00000141458,NPC1,NPC intracellular cholesterol transporter 1,Solute carriers,transporter,18q11.2
43.56608145,-0.244130644,0.212633553,-1.14812851,0.250915516,0.642326164,ENSG00000165699,TSC1,TSC complex subunit 1,TSC complex|Armadillo like helical domain containing,other,9q34
5.17182079,0.729598926,0.648015369,1.125897564,0.260208881,0.652220595,ENSG00000181085,MAPK15,mitogen-activated protein kinase 15,Mitogen-activated protein kinases,None,8q24.3
13.48938483,-0.437573091,0.390148979,-1.121553857,0.26205218,0.653773613,ENSG00000176994,SMCR8,SMCR8-C9orf72 complex subunit,SWC tripartite complex|DENN domain containing,None,17p11.2
93.04537433,-0.224081337,0.200678789,-1.116616949,0.264158142,0.656690404,ENSG00000072310,SREBF1,sterol regulatory element binding transcription factor 1,Basic helix-loop-helix proteins|MicroRNA protein coding host genes,None,17p11.2
17652.56124,0.113402432,0.102013453,1.111641933,0.266292136,0.657952157,ENSG00000167088,SNRPD1,small nuclear ribonucleoprotein D1 polypeptide,Sm spliceosomal proteins,None,18q11.2
19149.92807,0.179055837,0.162488585,1.101959481,0.270479287,0.661203889,ENSG00000189403,HMGB1,high mobility group box 1,Canonical high mobility group,transcription regulator,13q12.3
13.899147,0.416658507,0.379618849,1.097570649,0.272392015,0.66196692,ENSG00000167461,RAB8A,"RAB8A, member RAS oncogene family","RAB, member RAS oncogene GTPases",None,19p13.11
90.37924728,0.189355814,0.174155047,1.087282951,0.276911781,0.664430029,ENSG00000136436,CALCOCO2,calcium binding and coiled-coil domain 2,None,other,17q21.32
138.0892843,0.153445468,0.141540947,1.084106552,0.278317558,0.664819435,ENSG00000097033,SH3GLB1,"SH3 domain containing GRB2 like, endophilin B1",N-BAR domain containing|Protein phosphatase 1 regulatory subunits,enzyme,1p22.3
11208.42684,0.156152076,0.143920618,1.084987531,0.277927178,0.664819435,ENSG00000109971,HSPA8,heat shock protein family A (Hsp70) member 8,Spliceosomal P complex|Heat shock 70kDa proteins|Spliceosomal C complex,enzyme,11q24.1
5.172600382,-0.662770692,0.613744406,-1.079880624,0.280195343,0.667135517,ENSG00000176170,SPHK1,sphingosine kinase 1,None,kinase,17q25.1
15.18585308,0.383576683,0.360213731,1.064858584,0.286939929,0.673049374,ENSG00000141736,ERBB2,erb-b2 receptor tyrosine kinase 2,Erb-b2 receptor tyrosine kinases|CD molecules|MicroRNA protein coding host genes|Minor histocompatibility antigens,kinase,17q12
4.842349298,-0.662684184,0.622917657,-1.063839139,0.287401578,0.67338313,ENSG00000150995,ITPR1,"inositol 1,4,5-trisphosphate receptor type 1","Inositol 1,4,5-triphosphate receptors|Protein phosphatase 1 regulatory subunits",ion channel,3p26.1
22.755072,-0.319752638,0.301424475,-1.060805158,0.288778458,0.674904876,ENSG00000148356,LRSAM1,leucine rich repeat and sterile alpha motif containing 1,Ring finger proteins|Sterile alpha motif domain containing,enzyme,9q33.3-q34.11
12.78763638,-0.49528966,0.469741526,-1.054387643,0.291705478,0.676728941,ENSG00000196998,WDR45,WD repeat domain 45,WIPI family|WD repeat domain containing,other,Xp11.23
33.86293809,-0.299969452,0.285831159,-1.049463794,0.29396471,0.67898826,ENSG00000150867,PIP4K2A,phosphatidylinositol-5-phosphate 4-kinase type 2 alpha,None,kinase,10p12.2
104.1753893,0.183905712,0.17744924,1.036384896,0.300022614,0.68496297,ENSG00000122694,GLIPR2,GLI pathogenesis related 2,CAP superfamily,other,9p13.3
40.56901747,0.232555861,0.22531747,1.0321253,0.302013423,0.68622049,ENSG00000147894,C9orf72,C9orf72-SMCR8 complex subunit,SWC tripartite complex|DENN domain containing,other,9p21.2
38.31976205,-0.238006274,0.23414599,-1.016486653,0.3093977,0.691736127,ENSG00000131374,TBC1D5,TBC1 domain family member 5,None,other,3p24.3
65.54880976,-0.219945654,0.217443918,-1.011505202,0.311774692,0.693577995,ENSG00000188021,UBQLN2,ubiquilin 2,Ubiquilin family,None,Xp11.21
99.09382152,0.155638713,0.154436251,1.007786136,0.313557143,0.694285126,ENSG00000078142,PIK3C3,phosphatidylinositol 3-kinase catalytic subunit type 3,Phosphatidylinositol 3-kinase subunits|PIK3C3 complex subunits,kinase,18q12.3
9.966475135,-0.4820126,0.487431986,-0.988881759,0.322720996,0.696996577,ENSG00000066739,ATG2B,autophagy related 2B,Autophagy related|bridge-like lipid transfer protein family,other,14q32.2
5.6700943,-0.544601949,0.552006805,-0.986585572,0.323845846,0.697246901,ENSG00000205356,TECPR1,tectonin beta-propeller repeat containing 1,None,other,7q21.3
26.70337427,-0.26399117,0.277718686,-0.950570425,0.341822488,0.711157518,ENSG00000164327,RICTOR,RPTOR independent companion of MTOR complex 2,MTOR complex 2|Armadillo like helical domain containing,other,5p13.1
653.1457267,-0.101714617,0.108228163,-0.939816534,0.347311676,0.715072312,ENSG00000102096,PIM2,"Pim-2 proto-oncogene, serine/threonine kinase",None,kinase,Xp11.23
28.28877048,-0.304020275,0.323721782,-0.939140623,0.34765855,0.715506539,ENSG00000140992,PDPK1,3-phosphoinositide dependent protein kinase 1,AGC family kinases,kinase,16p13.3
4.720582355,-0.68295595,0.737962744,-0.925461286,0.354726012,0.71989711,ENSG00000176697,BDNF,brain derived neurotrophic factor,Neurotrophins,growth factor,11p14.1
721.8765524,0.097270552,0.105182008,0.924783177,0.355078703,0.720183406,ENSG00000138069,RAB1A,"RAB1A, member RAS oncogene family","RAB, member RAS oncogene GTPases",enzyme,2p14
18.39719875,-0.289503327,0.318010299,-0.910358337,0.362633562,0.726342854,ENSG00000130766,SESN2,sestrin 2,None,enzyme,1p35.3
886.0629588,0.12134133,0.134327122,0.903327097,0.366352319,0.729391168,ENSG00000065135,GNAI3,G protein subunit alpha i3,"G protein subunits alpha, group i",enzyme,1p13.3
39.86624601,-0.255887035,0.284913072,-0.898123185,0.369119879,0.731699073,ENSG00000068903,SIRT2,sirtuin 2,Sirtuins,transcription regulator,19q13.2
29.7982142,-0.229326171,0.257326809,-0.891186473,0.37282914,0.7343558,ENSG00000139687,RB1,RB transcriptional corepressor 1,Receptor ligands,transcription regulator,13q14.2
11.64381925,0.375479853,0.423732725,0.886124274,0.375550564,0.735876845,ENSG00000134109,EDEM1,ER degradation enhancing alpha-mannosidase like protein 1,Mannosidases alpha class 1,enzyme,3p26.1
18792.78182,0.09371777,0.107497415,0.871814174,0.383309761,0.742161558,ENSG00000182004,SNRPE,small nuclear ribonucleoprotein polypeptide E,Sm spliceosomal proteins,other,1q32.1
85.01822134,-0.162523519,0.188046654,-0.864272323,0.38743831,0.745489646,ENSG00000175224,ATG13,autophagy related 13,Autophagy related,other,11p11.2
7.176119682,0.425994858,0.493946689,0.86243084,0.388450476,0.745964836,ENSG00000124762,CDKN1A,cyclin dependent kinase inhibitor 1A,None,kinase,6p21.2
10.76955426,0.369178623,0.428373546,0.861814707,0.38878949,0.746195889,ENSG00000110881,ASIC1,acid sensing ion channel subunit 1,Acid sensing ion channel subunits,None,12q13.12
4.816222846,0.5348941,0.623624081,0.857718803,0.391047755,0.747859542,ENSG00000064692,SNCAIP,synuclein alpha interacting protein,Ankyrin repeat domain containing,None,5q23.2
21.41220675,0.249622863,0.291387785,0.856668935,0.391627877,0.747866347,ENSG00000161011,SQSTM1,sequestosome 1,Zinc fingers ZZ-type,transcription regulator,5q35.3
13.68655233,0.340070802,0.397416427,0.855703937,0.392161562,0.748228898,ENSG00000118046,STK11,serine/threonine kinase 11,None,kinase,19p13.3
9.988241932,-0.375839083,0.449933175,-0.835322006,0.40353643,0.758115551,ENSG00000110046,ATG2A,autophagy related 2A,Autophagy related|MicroRNA protein coding host genes|bridge-like lipid transfer protein family,other,11q13.1
18.57829393,0.248307078,0.298986284,0.830496553,0.406258096,0.759170693,ENSG00000168010,ATG16L2,autophagy related 16 like 2,WD repeat domain containing|Autophagy related,other,11q13.4
4.628082016,0.531114752,0.647880752,0.81977239,0.412345874,0.762250641,ENSG00000178607,ERN1,endoplasmic reticulum to nucleus signaling 1,Endoribonucleases,kinase,17q23.3
64.08611204,-0.204141944,0.249176349,-0.819266936,0.412634133,0.762370467,ENSG00000108100,CCNY,cyclin Y,Cyclins,None,10p11.21
17.96598765,-0.262571459,0.322044951,-0.815325494,0.414886019,0.763847567,ENSG00000134852,CLOCK,clock circadian regulator,Lysine acetyltransferases|Basic helix-loop-helix proteins|PAS domain containing,None,4q12
37.50653349,0.190875652,0.235248471,0.811378927,0.417148097,0.763847567,ENSG00000128590,DNAJB9,DnaJ heat shock protein family (Hsp40) member B9,DNAJ (HSP40) heat shock proteins,transcription regulator,7q31.1
7.481493771,-0.438233079,0.543024877,-0.807022103,0.419653749,0.765168325,ENSG00000078237,TIGAR,TP53 induced glycolysis regulatory phosphatase,Sugar phosphatases,enzyme,12p13.32
32.93264319,-0.25645927,0.318201041,-0.805966156,0.420262364,0.7652342,ENSG00000177169,ULK1,unc-51 like autophagy activating kinase 1,Autophagy related,kinase,12q24.33
1408.94785,0.08184669,0.103761259,0.788798153,0.430229989,0.77037246,ENSG00000145782,ATG12,autophagy related 12,Autophagy related,other,5q22.3
17.43779046,-0.345461021,0.445697409,-0.775102151,0.4382793,0.775252011,ENSG00000178996,SNX18,sorting nexin 18,Sorting nexins|PX-BAR domain containing,None,5q11.2
16.21151965,-0.313853379,0.407127581,-0.770896872,0.440768061,0.776700705,ENSG00000196663,TECPR2,tectonin beta-propeller repeat containing 2,None,None,14q32.33
7.694245905,-0.359019186,0.469907643,-0.764020742,0.444854882,0.778581614,ENSG00000164938,TP53INP1,tumor protein p53 inducible nuclear protein 1,None,other,8q22.1
8.50159497,-0.343863248,0.45597987,-0.754119361,0.450777553,0.781848786,ENSG00000121879,PIK3CA,"phosphatidylinositol-4,5-bisphosphate 3-kinase catalytic subunit alpha",Phosphatidylinositol 3-kinase subunits,kinase,3q26.32
120.2403155,-0.150480231,0.202158859,-0.744366246,0.456654934,0.782449685,ENSG00000135018,UBQLN1,ubiquilin 1,Ubiquilin family,other,9q21.32
464.6802802,0.080335863,0.108319866,0.741654007,0.458296993,0.784010699,ENSG00000104765,BNIP3L,BCL2 interacting protein 3 like,None,other,8p21.2
467.4815661,-0.070996324,0.09712183,-0.731002745,0.464777476,0.787208379,ENSG00000143384,MCL1,"MCL1 apoptosis regulator, BCL2 family member",BCL2 family,transporter,1q21.2
22.32502214,-0.224827585,0.308109959,-0.729699181,0.465574082,0.787676521,ENSG00000113734,BNIP1,BCL2 interacting protein 1,SNAREs|BCL2 homology region 3 (BH3) only,transporter,5q35.1
77.29470553,-0.156172305,0.21638396,-0.721736976,0.470456204,0.79044519,ENSG00000198793,MTOR,mechanistic target of rapamycin kinase,MTOR complex 1|MTOR complex 2|Armadillo like helical domain containing,kinase,1p36.22
58.75268759,0.153313948,0.214309645,0.7153852,0.474371055,0.79324512,ENSG00000145354,CISD2,CDGSH iron sulfur domain 2,CDGSH iron sulfur domain containing,other,4q24
16.75437633,-0.260096217,0.365902153,-0.710835437,0.477186218,0.794282197,ENSG00000206418,RAB12,"RAB12, member RAS oncogene family","RAB, member RAS oncogene GTPases",enzyme,18p11.22
6.302433165,-0.397813327,0.559292609,-0.711279428,0.476911097,0.794282197,ENSG00000130479,MAP1S,microtubule associated protein 1S,None,enzyme,19p13.12
30.77689017,-0.202170146,0.287957007,-0.702084484,0.482626478,0.797953827,ENSG00000151929,BAG3,BAG cochaperone 3,BAG cochaperones,other,10q26.11
12.25126344,0.264481066,0.379093262,0.697667548,0.485385128,0.799665916,ENSG00000196218,RYR1,ryanodine receptor 1,Ryanodine receptors|Protein phosphatase 1 regulatory subunits,None,19q13.2
34.14495625,0.181521612,0.261408137,0.694399241,0.48743187,0.800152305,ENSG00000143545,RAB13,"RAB13, member RAS oncogene family","RAB, member RAS oncogene GTPases",None,1q21.3
39.99290785,-0.144512334,0.210438931,-0.686718626,0.492260057,0.804191635,ENSG00000175104,TRAF6,TNF receptor associated factor 6,Zinc fingers TRAF-type|Ring finger proteins|TNF receptor associated factors,other,11p12
54.11691749,0.147566076,0.215469143,0.684859434,0.493432626,0.804776349,ENSG00000167657,DAPK3,death associated protein kinase 3,Death associated protein kinases|MicroRNA protein coding host genes,kinase,19p13.3
122.6534683,0.123508636,0.182773502,0.675746946,0.499201324,0.807884032,ENSG00000155876,RRAGA,Ras related GTP binding A,Ras related GTP binding proteins,enzyme,9p22.1
177.7766085,0.10481549,0.155252285,0.675130094,0.499593115,0.808064332,ENSG00000014216,CAPN1,calpain 1,EF-hand domain containing|Calpains,peptidase,11q13.1
3037.423097,0.052105888,0.078734838,0.661789485,0.508106146,0.811630079,ENSG00000214253,FIS1,"fission, mitochondrial 1",Tetratricopeptide repeat domain containing,other,7q22.1
81.52526041,0.103961635,0.157686778,0.659292022,0.509708265,0.81195165,ENSG00000166471,TMEM41B,transmembrane protein 41B,None,None,11p15.4
1139.181394,0.070199004,0.106799463,0.65729735,0.51098974,0.812894661,ENSG00000170310,STX8,syntaxin 8,Syntaxins,transporter,17p13.1
1712.63322,0.057455501,0.088105051,0.652124937,0.514320578,0.814720121,ENSG00000138363,ATIC,5-aminoimidazole-4-carboxamide ribonucleotide formyltransferase/IMP cyclohydrolase,Purinosome,enzyme,2q35
217.214018,-0.091880989,0.142370131,-0.64536703,0.518689364,0.816473405,ENSG00000132002,DNAJB1,DnaJ heat shock protein family (Hsp40) member B1,DNAJ (HSP40) heat shock proteins,transcription regulator,19p13.12
638.1682108,0.072336845,0.112972637,0.640304119,0.521974903,0.817525072,ENSG00000103194,USP10,ubiquitin specific peptidase 10,Ubiquitin specific peptidases,peptidase,16q24.1
186.5325766,-0.101470337,0.159128933,-0.637661145,0.523694284,0.819090028,ENSG00000142655,PEX14,peroxisomal biogenesis factor 14,Peroxins,transcription regulator,1p36.22
42.07864057,-0.137250872,0.216990409,-0.63252045,0.52704685,0.820853065,ENSG00000189298,ZKSCAN3,zinc finger with KRAB and SCAN domains 3,SCAN domain containing|Zinc fingers C2H2-type,transcription regulator,6p22.1
21.40389836,0.199395173,0.316913786,0.629177969,0.52923255,0.821818847,ENSG00000038532,CLEC16A,C-type lectin domain containing 16A,C-type lectin domain containing,None,16p13.13
108.7908207,-0.108988149,0.173620168,-0.627738991,0.530174938,0.822179919,ENSG00000118217,ATF6,activating transcription factor 6,Basic leucine zipper proteins,transcription regulator,1q23.3
922.0378327,0.061588225,0.098114308,0.627719095,0.530187974,0.822179919,ENSG00000075785,RAB7A,"RAB7A, member RAS oncogene family","RAB, member RAS oncogene GTPases",enzyme,3q21.3
24.63869334,0.19443834,0.328239484,0.592367308,0.553604653,0.834043085,ENSG00000163625,WDFY3,WD repeat and FYVE domain containing 3,BEACH domain containing |Armadillo like helical domain containing|Zinc fingers FYVE-type|WD repeat domain containing,enzyme,4q21.23
11.6785605,-0.243924962,0.417359443,-0.584448169,0.558918827,0.837243349,ENSG00000171700,RGS19,regulator of G protein signaling 19,Regulators of G-protein signaling|MicroRNA protein coding host genes,other,20q13.33
57.98360943,0.105333032,0.182204816,0.578102346,0.563195023,0.839581929,ENSG00000160695,VPS11,VPS11 core subunit of CORVET and HOPS complexes,CORVET complex|HOPS complex|Ring finger proteins,None,11q23.3
166.9635334,-0.082439894,0.143982553,-0.572568634,0.566936802,0.841536288,ENSG00000102882,MAPK3,mitogen-activated protein kinase 3,Mitogen-activated protein kinases,kinase,16p11.2
255.4720057,-0.07546531,0.135931056,-0.555173423,0.578776046,0.847722555,ENSG00000164081,TEX264,"testis expressed 264, ER-phagy receptor",None,None,3p21.2
84.68628746,-0.093279298,0.168691551,-0.552957737,0.58029235,0.848219985,ENSG00000196730,DAPK1,death associated protein kinase 1,ROCO family|Ankyrin repeat domain containing|Death associated protein kinases,kinase,9q21.33
425.6236975,-0.101872384,0.184941047,-0.550837064,0.581745374,0.848889219,ENSG00000100225,FBXO7,F-box protein 7,F-boxes other,enzyme,22q12.3
42.68365378,-0.120469656,0.230784595,-0.522000422,0.601670037,0.858990147,ENSG00000096717,SIRT1,sirtuin 1,eNoSC complex|Sirtuins,transcription regulator,10q21.3
1576.583947,-0.048564346,0.093340458,-0.520292562,0.602859679,0.859842084,ENSG00000106615,RHEB,"Ras homolog, mTORC1 binding",RAS type GTPase family,enzyme,7q36.1
164.4352819,-0.075067763,0.14466019,-0.518924818,0.603813171,0.860364829,ENSG00000164885,CDK5,cyclin dependent kinase 5,Cyclin dependent kinases,None,7q36.1
2716.176189,0.050219359,0.096875806,0.518389068,0.60418684,0.860655672,ENSG00000034713,GABARAPL2,GABA type A receptor associated protein like 2,Autophagy related,other,16q23.1
64.14602847,0.094836337,0.18733962,0.506226804,0.61269744,0.864597471,ENSG00000171862,PTEN,phosphatase and tensin homolog,PTEN protein phosphatases|C2 tensin-type domain containing|Phosphoinositide phosphatases,phosphatase,10q23.31
9.372206178,-0.274963436,0.551887993,-0.498223262,0.618326689,0.867534754,ENSG00000245532,NEAT1,nuclear paraspeckle assembly transcript 1,Long non-coding RNAs with non-systematic symbols|MicroRNA non-coding host genes,None,11q13.1
156.4614201,-0.065847313,0.134242308,-0.490510882,0.623772431,0.870386069,ENSG00000164253,WDR41,WD repeat domain 41,SWC tripartite complex|WD repeat domain containing,None,5q13.3-q14.1
15.19102601,0.186721464,0.380320221,0.49095855,0.623455765,0.870386069,ENSG00000159200,RCAN1,regulator of calcineurin 1,None,transcription regulator,21q22.12
102.5845236,-0.081863953,0.173249136,-0.472521568,0.636554551,0.87745297,ENSG00000141456,PELP1,"proline, glutamate and leucine rich protein 1",Large ribosomal subunit biogenesis complex|Armadillo like helical domain containing,other,17p13.2
72.59017907,0.075097634,0.159570232,0.470624331,0.637909029,0.87805668,ENSG00000107643,MAPK8,mitogen-activated protein kinase 8,Mitogen-activated protein kinases,kinase,10q11.22
13.64027506,0.228294368,0.489169031,0.466698325,0.640715728,0.879174366,ENSG00000183735,TBK1,TANK binding kinase 1,I kappa B kinases,kinase,12q14.2
8.604914556,-0.203044857,0.436744967,-0.464904859,0.641999591,0.879447437,ENSG00000080546,SESN1,sestrin 1,None,other,6q21
104.2011229,-0.069875951,0.153470642,-0.455305004,0.648889827,0.882059535,ENSG00000011405,PIK3C2A,phosphatidylinositol-4-phosphate 3-kinase catalytic subunit type 2 alpha,Phosphatidylinositol 3-kinase subunits,kinase,11p15.1
131.5740227,-0.065063125,0.143696368,-0.452781971,0.650705747,0.883167759,ENSG00000134602,STK26,serine/threonine kinase 26,STRIPAK complex,None,Xq26.2
690.5210293,0.048695175,0.108568189,0.448521571,0.653776822,0.884270241,ENSG00000116478,HDAC1,histone deacetylase 1,"NuRD complex subunits|Histone deacetylases, class I|MiDAC complex subunits|EMSY complex|SIN3 histone deacetylase complex subunits",transcription regulator,1p35.2-p35.1
6.959980377,-0.235827913,0.534756383,-0.44100065,0.659212526,0.886124584,ENSG00000123395,ATG101,autophagy related 101,Autophagy related,other,12q13.13
21.20148903,-0.138367248,0.322168859,-0.429486725,0.667569053,0.889935167,ENSG00000116786,PLEKHM2,pleckstrin homology and RUN domain containing M2,Pleckstrin homology domain containing,None,1p36.21
18.95107401,0.14000408,0.328291605,0.426462565,0.669770821,0.890202689,ENSG00000159363,ATP13A2,ATPase cation transporting 13A2,ATPase orphan transporters,transporter,1p36.13
15.47486995,-0.150891369,0.357972239,-0.421516959,0.67337763,0.891738588,ENSG00000143322,ABL2,"ABL proto-oncogene 2, non-receptor tyrosine kinase",SH2 domain containing|Abl family tyrosine kinases,kinase,1q25.2
16099.13127,0.040316718,0.096828664,0.416371721,0.677138018,0.893596952,ENSG00000096384,HSP90AB1,heat shock protein 90 alpha family class B member 1,Heat shock 90kDa proteins,enzyme,6p21.1
89.50455664,-0.066107246,0.159665429,-0.414036069,0.678847691,0.894283804,ENSG00000166128,RAB8B,"RAB8B, member RAS oncogene family","RAB, member RAS oncogene GTPases",None,15q22.2
133.4446512,-0.063024409,0.153890863,-0.409539643,0.682143681,0.895253303,ENSG00000077254,USP33,ubiquitin specific peptidase 33,Ubiquitin specific peptidases,peptidase,1p31.1
67.79789587,0.081501775,0.202252124,0.402971172,0.686969432,0.896296385,ENSG00000136997,MYC,"MYC proto-oncogene, bHLH transcription factor",Basic helix-loop-helix proteins,transcription regulator,8q24.21
47.85473392,0.088395837,0.220648114,0.400619048,0.68870062,0.896821667,ENSG00000101421,CHMP4B,charged multivesicular body protein 4B,Charged multivesicular body proteins|ESCRT-III,other,20q11.22
44.38002134,0.087373924,0.224007504,0.390049093,0.696500245,0.899577491,ENSG00000131943,C19orf12,chromosome 19 open reading frame 12,None,other,19q12
67.25563679,-0.074662845,0.202282115,-0.369102553,0.712051286,0.906283312,ENSG00000083750,RRAGB,Ras related GTP binding B,Ras related GTP binding proteins,enzyme,Xp11.21
12.03695015,-0.139375753,0.384815707,-0.362188317,0.717211309,0.909036028,ENSG00000157625,TAB3,TGF-beta activated kinase 1 (MAP3K7) binding protein 3,Zinc fingers RANBP2-type,other,Xp21.2
9.423956234,-0.162866737,0.470017793,-0.346511854,0.728958077,0.911920742,ENSG00000197769,MAP1LC3C,microtubule associated protein 1 light chain 3 gamma,Autophagy related,other,1q43
3276.940574,0.027295747,0.07951634,0.34327217,0.731393716,0.912025557,ENSG00000089685,BIRC5,baculoviral IAP repeat containing 5,Baculoviral IAP repeat containing|Chromosomal passenger complex,other,17q25.3
42.19599497,0.071732522,0.21306321,0.336672493,0.736363801,0.913378911,ENSG00000164659,ELAPOR2,endosome-lysosome associated apoptosis and autophagy regulator family member 2,None,None,7q21.12
14.80946678,0.13008122,0.391322981,0.332413955,0.739576703,0.914739139,ENSG00000118689,FOXO3,forkhead box O3,Forkhead boxes,transcription regulator,6q21
21.40217512,0.102253506,0.318059966,0.321491281,0.747838119,0.917697083,ENSG00000221926,TRIM16,tripartite motif containing 16,Tripartite motif family,None,17p12
26.18580161,-0.091918782,0.286099923,-0.321282093,0.747996626,0.917777251,ENSG00000165861,ZFYVE1,zinc finger FYVE-type containing 1,Zinc fingers FYVE-type,other,14q24.2
31.11673592,0.077154884,0.252193211,0.305935611,0.759653671,0.921741937,ENSG00000126581,BECN1,beclin 1,PIK3C3 complex subunits|MicroRNA protein coding host genes|Autophagy related,other,17q21.31
32.25671966,0.073053557,0.250265969,0.291903678,0.770360271,0.926107247,ENSG00000163291,PAQR3,progestin and adipoQ receptor family member 3,Progestin and adipoQ receptor family,None,4q21.21
28.17199281,0.076878284,0.270095527,0.284633682,0.775924804,0.928605903,ENSG00000163932,PRKCD,protein kinase C delta,C2 domain containing protein kinases|AGC family kinases,kinase,3p21.1
16.32974508,-0.096015848,0.348854971,-0.275231416,0.783138452,0.931196515,ENSG00000136874,STX17,syntaxin 17,Syntaxins,transporter,9q31.1
21.54109221,-0.091592621,0.335382877,-0.273098679,0.784777362,0.931869639,ENSG00000131323,TRAF3,TNF receptor associated factor 3,Zinc fingers TRAF-type|Ring finger proteins|TNF receptor associated factors,None,14q32.32
77.1956747,0.047162081,0.175101874,0.26934081,0.78766743,0.933147228,ENSG00000143437,ARNT,aryl hydrocarbon receptor nuclear translocator,PAS domain containing|Basic helix-loop-helix proteins,transcription regulator,1q21.3
18.762865,0.084060552,0.313125945,0.268456043,0.788348306,0.933163719,ENSG00000172007,RAB33B,"RAB33B, member RAS oncogene family","RAB, member RAS oncogene GTPases",other,4q31.1
134.3446785,-0.048383121,0.180380032,-0.268228807,0.788523202,0.933208868,ENSG00000152348,ATG10,autophagy related 10,Autophagy related,enzyme,5q14.1-q14.2
67.86218645,0.07307989,0.2730162,0.267676021,0.788948709,0.933226901,ENSG00000103510,KAT8,lysine acetyltransferase 8,MSL histone acetyltransferase complex|NSL histone acetyltransferase complex|Zinc fingers C2HC-type|MYST type domain containing lysine acetyltransferases,enzyme,16p11.2
14.00456813,-0.100289823,0.38730005,-0.258946062,0.795676858,0.935736588,ENSG00000069869,NEDD4,NEDD4 E3 ubiquitin protein ligase,HECT domain containing,None,15q21.3
5.129910242,-0.158497919,0.628624617,-0.252134445,0.800937146,0.937012701,ENSG00000132155,RAF1,"Raf-1 proto-oncogene, serine/threonine kinase",Mitogen-activated protein kinase kinase kinases|RAF family,kinase,3p25.2
16.52220804,0.086177354,0.350062727,0.246176891,0.805545303,0.939424276,ENSG00000176720,BOK,BCL2 family apoptosis regulator BOK,BCL2 family,other,2q37.3
37.55387306,-0.056500359,0.232510885,-0.243000922,0.808004683,0.940187596,ENSG00000155961,RAB39B,"RAB39B, member RAS oncogene family","RAB, member RAS oncogene GTPases",None,Xq28
9.164067675,0.110076882,0.459663509,0.239472745,0.810739028,0.941422837,ENSG00000130600,H19,H19 imprinted maternally expressed transcript,Long non-coding RNAs with non-systematic symbols|MicroRNA non-coding host genes,None,11p15.5
14.08225688,-0.084605633,0.370261755,-0.22850222,0.819255831,0.944497248,ENSG00000133216,EPHB2,EPH receptor B2,EPH receptors|Sterile alpha motif domain containing|MicroRNA protein coding host genes,kinase,1p36.12
24.88741947,-0.073390411,0.32883701,-0.223181724,0.823394075,0.945138087,ENSG00000034693,PEX3,peroxisomal biogenesis factor 3,Peroxins,transcription regulator,6q24.2
25.31916583,-0.071631956,0.335321802,-0.213621529,0.830842209,0.947150694,ENSG00000047932,GOPC,golgi associated PDZ and coiled-coil motif containing,PDZ domain containing,transporter,6q22.1
1865.445589,-0.030902947,0.144877387,-0.213304145,0.831089741,0.947150694,ENSG00000111640,GAPDH,glyceraldehyde-3-phosphate dehydrogenase,None,enzyme,12p13.31
65.523494,-0.034349828,0.175063135,-0.196213941,0.844442717,0.952396843,ENSG00000132356,PRKAA1,protein kinase AMP-activated catalytic subunit alpha 1,Protein kinase AMP-activated catalytic subunit alphas,kinase,5p13.1
57.96728427,-0.043909093,0.224262712,-0.195793106,0.844772106,0.952635585,ENSG00000111276,CDKN1B,cyclin dependent kinase inhibitor 1B,None,kinase,12p13.1
11.53528618,-0.077657373,0.406383094,-0.191094005,0.848451944,0.954328974,ENSG00000141564,RPTOR,regulatory associated protein of MTOR complex 1,MTOR complex 1|Armadillo like helical domain containing|WD repeat domain containing,other,17q25.3
13.48365369,-0.065627784,0.362990128,-0.18079771,0.85652636,0.957573843,ENSG00000086300,SNX10,sorting nexin 10,Sorting nexins,None,7p15.2
155.6565743,0.026327006,0.146382639,0.1798506,0.857269858,0.95774864,ENSG00000090432,MUL1,mitochondrial E3 ubiquitin protein ligase 1,Ring finger proteins,None,1p36.12
11.0299465,0.079587593,0.441734382,0.180170701,0.857018559,0.95774864,ENSG00000134324,LPIN1,lipin 1,Lipins|MicroRNA protein coding host genes,None,2p25.1
55.11715572,-0.031706764,0.203987753,-0.155434643,0.876478675,0.964730432,ENSG00000030110,BAK1,BCL2 antagonist/killer 1,BCL2 family,other,6p21.31
58.26624613,-0.031856052,0.216332636,-0.147254954,0.882930786,0.965682234,ENSG00000064012,CASP8,caspase 8,Caspases|Death effector domain containing|Death inducing signaling complex |Ripoptosome,peptidase,2q33.1
20.26794503,-0.046302506,0.314579215,-0.1471887,0.88298308,0.965682234,ENSG00000103319,EEF2K,eukaryotic elongation factor 2 kinase,Calmodulin dependent protein kinases,None,16p12.2
270.3755722,-0.016811074,0.125104299,-0.134376471,0.893104886,0.968727393,ENSG00000088832,FKBP1A,FKBP prolyl isomerase 1A,MicroRNA protein coding host genes|FKBP prolyl isomerases,enzyme,20p13
128.7881611,0.023640972,0.176673487,0.133811656,0.89355151,0.968893443,ENSG00000100292,HMOX1,heme oxygenase 1,None,enzyme,22q12.3
26.62003625,-0.030184108,0.253541074,-0.11905017,0.905235608,0.973114019,ENSG00000172071,EIF2AK3,eukaryotic translation initiation factor 2 alpha kinase 3,Eukaryotic translation initiation factor 2 alpha kinases,kinase,2p11.2
11.09099091,0.049906059,0.424251832,0.117633101,0.906358376,0.973188485,ENSG00000121966,CXCR4,C-X-C motif chemokine receptor 4,C-X-C motif chemokine receptors|CD molecules,G-protein coupled receptor,2q22.1
16.63216436,-0.042383641,0.370662006,-0.114345792,0.908963683,0.974137089,ENSG00000065675,PRKCQ,protein kinase C theta,AGC family kinases|C2 domain containing protein kinases,kinase,10p15.1
919.9163475,-0.010681014,0.09684611,-0.110288514,0.912180566,0.975095409,ENSG00000127022,CANX,calnexin,None,other,5q35.3
147.7068151,-0.015481363,0.162103816,-0.095502767,0.923915493,0.979555692,ENSG00000100219,XBP1,X-box binding protein 1,Basic leucine zipper proteins,transcription regulator,22q12.1
303.823588,-0.008129655,0.098645467,-0.082412855,0.934318414,0.982094322,ENSG00000149547,EI24,EI24 autophagy associated transmembrane protein,None,other,11q24.2
18.4625609,-0.026071757,0.33652966,-0.07747239,0.938247755,0.983431857,ENSG00000164841,TMEM74,transmembrane protein 74,None,other,8q23.1
7.987770909,0.023331198,0.484729757,0.048132382,0.961610739,0.990523174,ENSG00000185359,HGS,hepatocyte growth factor-regulated tyrosine kinase substrate,ESCRT-0|Zinc fingers FYVE-type|MicroRNA protein coding host genes,other,17q25.3
34.22888949,-0.013235461,0.285725934,-0.046322225,0.963053425,0.990816074,ENSG00000150907,FOXO1,forkhead box O1,Forkhead boxes,transcription regulator,13q14.11
30.30768915,-0.005147371,0.294140182,-0.01749972,0.986037956,0.996343229,ENSG00000185624,P4HB,prolyl 4-hydroxylase subunit beta,Protein disulfide isomerases,enzyme,17q25.3
107.8188258,0.002492694,0.14682444,0.01697738,0.986454662,0.996434351,ENSG00000106052,TAX1BP1,Tax1 binding protein 1,None,None,7p15.2
69.04571271,0.002552331,0.191906015,0.013299901,0.989388527,0.997501264,ENSG00000171298,GAA,alpha glucosidase,Glycoside hydrolase family 31,enzyme,17q25.3
94.21076997,0.002155715,0.1688754,0.012765123,0.989815182,0.997570389,ENSG00000138279,ANXA7,annexin A7,Annexins,ion channel,10q22.2
275.335406,-0.000828919,0.111754919,-0.00741729,0.994081913,0.998849413,ENSG00000168397,ATG4B,autophagy related 4B cysteine peptidase,Autophagy related,peptidase,2q37.3
25.86202279,-0.001810571,0.278691534,-0.006496683,0.994816433,0.99906743,ENSG00000101844,ATG4A,autophagy related 4A cysteine peptidase,Autophagy related,peptidase,Xq22.3
6.330912671,-0.002082051,0.582033044,-0.003577205,0.99714581,0.999636111,ENSG00000078804,TP53INP2,tumor protein p53 inducible nuclear protein 2,None,other,20q11.22
1.140170048,0.867652096,1.219069061,0.711733341,0.476629917,NA,ENSG00000078900,TP73,tumor protein p73,None,transcription regulator,1p36.32
0.612283177,0.302523122,1.821743427,0.16606242,0.868107828,NA,ENSG00000158828,PINK1,PTEN induced kinase 1,MicroRNA protein coding host genes,kinase,1p36.12
0.834177694,0.146583878,1.554511778,0.094295765,0.924874214,NA,ENSG00000162595,DIRAS3,DIRAS family GTPase 3,RAS type GTPase family,enzyme,1p31.3
0.830818854,2.261053105,1.592354301,1.419943479,0.155624137,NA,ENSG00000116299,ELAPOR1,endosome-lysosome associated apoptosis and autophagy regulator 1,None,None,1p13.3
0.174669224,-1.323267681,3.160746998,-0.418656628,0.675467097,NA,ENSG00000120341,SEC16B,"SEC16 homolog B, endoplasmic reticulum export factor",None,None,1q25.2
0.877784059,0.16040165,1.566280948,0.102409245,0.918431845,NA,ENSG00000162931,TRIM17,tripartite motif containing 17,Ring finger proteins|Tripartite motif family,enzyme,1q42.13
0.529846614,0.746420175,2.091826476,0.356827004,0.721221319,NA,ENSG00000162711,NLRP3,NLR family pyrin domain containing 3,NLR family|Pyrin domain containing,None,1q44
0.615028813,-0.123481874,1.742670994,-0.070857824,0.943510911,NA,ENSG00000091106,NLRC4,NLR family CARD domain containing 4,NLR family|Caspase recruitment domain containing,other,2p22.3
1.678239183,3.459247049,1.239661368,2.790477415,0.005263037,NA,ENSG00000116016,EPAS1,endothelial PAS domain protein 1,PAS domain containing|Basic helix-loop-helix proteins,None,2p21
2.44308494,0.12896269,1.050678523,0.122742291,0.902311173,NA,ENSG00000198925,ATG9A,autophagy related 9A,Autophagy related,other,2q35
4.063051426,0.362094795,0.675513257,0.536029147,0.591938406,NA,ENSG00000163820,FYCO1,FYVE and coiled-coil domain autophagy adaptor 1,Zinc fingers FYVE-type|GOLD domain containing,None,3p21.31
1.955084063,-1.505829391,1.144340695,-1.315892546,0.188210111,NA,ENSG00000164061,BSN,bassoon presynaptic cytomatrix protein,Zinc fingers PCLO-type,None,3p21.31
0.497392845,-0.738038899,1.958889991,-0.376763832,0.706349121,NA,ENSG00000151577,DRD3,dopamine receptor D3,Dopamine receptors,None,3q13.31
1.607469408,-0.224375054,1.230736495,-0.18230958,0.855339781,NA,ENSG00000121858,TNFSF10,TNF superfamily member 10,CD molecules|Tumor necrosis factor superfamily,cytokine,3q26
0.182549892,0.985015558,3.160746998,0.311640115,0.755314044,NA,ENSG00000073282,TP63,tumor protein p63,MicroRNA protein coding host genes,transcription regulator,3q28
3.807451719,-0.826986533,0.779467064,-1.06096405,0.288706239,NA,ENSG00000145016,RUBCN,rubicon autophagy regulator,MicroRNA protein coding host genes|PIK3C3 complex subunits,other,3q29
4.125743267,0.118543048,0.65255912,0.18165871,0.855850571,NA,ENSG00000132405,TBC1D14,TBC1 domain family member 14,None,other,4p16.1
2.122956509,0.10314001,1.007804722,0.102341265,0.918485803,NA,ENSG00000145335,SNCA,synuclein alpha,None,enzyme,4q22.1
0.42915826,-1.290268138,1.997810873,-0.645840983,0.518382344,NA,ENSG00000184584,STING1,stimulator of interferon response cGAMP interactor 1,None,other,5q31.2
0.317472361,-1.899767736,2.629789883,-0.722402861,0.470046828,NA,ENSG00000237693,IRGM,immunity related GTPase M,None,enzyme,5q33.1
1.424963211,-1.084713721,1.283361264,-0.845213076,0.397991883,NA,ENSG00000169228,RAB24,"RAB24, member RAS oncogene family","RAB, member RAS oncogene GTPases",other,5q35.3
3.590518993,-1.956643449,0.928038031,-2.108365588,0.034999379,NA,ENSG00000285219,HULC,hepatocellular carcinoma up-regulated long non-coding RNA,Long non-coding RNAs with non-systematic symbols,None,6p24.3
2.134874387,0.025227973,0.912937558,0.027633843,0.977954189,NA,ENSG00000112561,TFEB,transcription factor EB,Basic helix-loop-helix proteins,transcription regulator,6p21.1
3.651826042,-0.406933494,0.655253132,-0.621032504,0.534578237,NA,ENSG00000118508,RAB32,"RAB32, member RAS oncogene family","RAB, member RAS oncogene GTPases|A-kinase anchoring proteins",other,6q24.3
3.988169768,-1.575842095,0.733406446,-2.148661364,0.031661253,NA,ENSG00000185345,PRKN,parkin RBR E3 ubiquitin protein ligase,RBR E3 ubiquitin ligases,enzyme,6q26
3.523871348,-0.498561915,0.697115478,-0.715178376,0.474498829,NA,ENSG00000181652,ATG9B,autophagy related 9B,Autophagy related,other,7q36.1
0.353849273,0.908803687,2.300472717,0.395050844,0.692805366,NA,ENSG00000136574,GATA4,GATA binding protein 4,GATA zinc finger domain containing,transcription regulator,8p23.1
2.62453665,1.784199168,0.902741387,1.976423364,0.048106848,NA,ENSG00000157168,NRG1,neuregulin 1,Neuregulins|I-set domain containing,growth factor,8p12
2.504963237,-0.181618587,0.897610681,-0.202335591,0.839654378,NA,ENSG00000156804,FBXO32,F-box protein 32,F-boxes other,None,8q24.13
1.935410791,0.905215391,0.997088089,0.907858996,0.363952724,NA,ENSG00000105339,DENND3,DENN domain containing 3,WD repeat domain containing|DENN domain containing,other,8q24.3
0.677901582,1.996262171,1.624393495,1.228927706,0.219098913,NA,ENSG00000147889,CDKN2A,cyclin dependent kinase inhibitor 2A,None,transcription regulator,9p21.3
0.603420497,-0.262241849,1.749832459,-0.149866833,0.88086968,NA,ENSG00000237984,PTENP1,phosphatase and tensin homolog pseudogene 1,None,None,9p13.3
1.565235358,0.057842651,1.136996572,0.050873197,0.959426563,NA,ENSG00000165507,DEPP1,DEPP autophagy regulator 1,None,None,10q11.21
0.54508025,-2.642794001,1.817952818,-1.453719796,0.146024007,NA,ENSG00000026103,FAS,Fas cell surface death receptor,Tumor necrosis factor receptor superfamily|Death inducing signaling complex |CD molecules,transmembrane receptor,10q23.31
2.086654512,0.239593089,0.911009674,0.262997305,0.792552657,NA,ENSG00000172977,KAT5,lysine acetyltransferase 5,Zinc fingers C2HC-type|MYST type domain containing lysine acetyltransferases|Tip60/Nua4 histone acetyltransferase complex subunits,None,11q13.1
1.367064325,1.145943779,1.15665418,0.990740187,0.321812462,NA,ENSG00000174903,RAB1B,"RAB1B, member RAS oncogene family","RAB, member RAS oncogene GTPases|Small nucleolar RNA protein coding host genes",None,11q13.2
0.925711546,1.013745063,1.461287332,0.693734244,0.487848886,NA,ENSG00000175634,RPS6KB2,ribosomal protein S6 kinase B2,AGC family kinases,None,11q13.2
0.710851197,0.635774875,1.624546614,0.391355268,0.695534652,NA,ENSG00000168040,FADD,Fas associated via death domain,Death effector domain containing|Death inducing signaling complex |Ripoptosome,other,11q13.3
0.383904456,1.983724705,2.204156062,0.899992854,0.368124054,NA,ENSG00000196954,CASP4,caspase 4,Caspases|Caspase recruitment domain containing,peptidase,11q22.3
0.284040487,-0.746195972,2.44839343,-0.304769635,0.76054161,NA,ENSG00000188906,LRRK2,leucine rich repeat kinase 2,Armadillo like helical domain containing|ROCO family,kinase,12q12
1.142695329,0.101456663,1.341957864,0.075603464,0.93973458,NA,ENSG00000136048,DRAM1,DNA damage regulated autophagy modulator 1,None,other,12q23.2
0.835832333,0.6267249,1.608020666,0.389749282,0.696721951,NA,ENSG00000100926,TM9SF1,transmembrane 9 superfamily member 1,Transmembrane 9 superfamily members,transporter,14q12
0.287980821,0.407951477,2.438323988,0.167308151,0.867127591,NA,ENSG00000197249,SERPINA1,serpin family A member 1,Serpin peptidase inhibitors,other,14q32.13
0.192795389,-1.323267681,3.160746998,-0.418656628,0.675467097,NA,ENSG00000214548,MEG3,maternally expressed 3,Long non-coding RNAs with non-systematic symbols|MicroRNA non-coding host genes,None,14q32.2
2.128632217,-0.393271259,0.890725679,-0.441517819,0.658838164,NA,ENSG00000142208,AKT1,AKT serine/threonine kinase 1,Pleckstrin homology domain containing|AKT kinases,kinase,14q32.33
1.743448915,-0.604003964,1.132940632,-0.533129404,0.593944006,NA,ENSG00000035664,DAPK2,death associated protein kinase 2,Death associated protein kinases,kinase,15q22.31
2.34162585,-0.806666536,0.951774339,-0.847539698,0.39669437,NA,ENSG00000184254,ALDH1A3,aldehyde dehydrogenase 1 family member A3,Aldehyde dehydrogenases,None,15q26.3
1.062881815,-1.508851231,1.635093711,-0.922791899,0.356115663,NA,ENSG00000103266,STUB1,STIP1 homology and U-box containing protein 1,U-box domain containing|Tetratricopeptide repeat domain containing,enzyme,16p13.3
3.13839161,-0.526602116,0.812580809,-0.648061226,0.516945351,NA,ENSG00000126602,TRAP1,TNF receptor associated protein 1,Heat shock 90kDa proteins,None,16p13.3
2.557448545,0.909594088,0.899627669,1.011078382,0.311978916,NA,ENSG00000166501,PRKCB,protein kinase C beta,AGC family kinases|C2 domain containing protein kinases|MicroRNA protein coding host genes,kinase,16p12.2-p12.1
0.180587213,-0.169126062,3.160746998,-0.053508257,0.957326952,NA,ENSG00000188603,CLN3,"CLN3 lysosomal/endosomal transmembrane protein, battenin",None,other,16p12.1
0.268107026,0.407951136,2.49130719,0.163749833,0.869928086,NA,ENSG00000169682,SPNS1,"SPNS lysolipid transporter 1, lysophospholipid",Solute carriers,transporter,16p11.2
0.649951071,-2.906006774,1.889421814,-1.538040237,0.124038777,NA,ENSG00000170296,GABARAP,GABA type A receptor-associated protein,Autophagy related,transporter,17p13.1
1.185008445,0.66288812,1.420691342,0.466595453,0.640789341,NA,ENSG00000126368,NR1D1,nuclear receptor subfamily 1 group D member 1,Nuclear receptor subfamily 1 group D,ligand-dependent nuclear receptor,17q21.1
2.643195998,0.098442571,0.977618692,0.100696285,0.91979156,NA,ENSG00000131095,GFAP,glial fibrillary acidic protein,Intermediate filaments Type III,other,17q21.31
2.703212696,-1.711386183,1.060820105,-1.613267109,0.106686489,NA,ENSG00000186868,MAPT,microtubule associated protein tau,Protein phosphatase 1 regulatory subunits,other,17q21.31
3.272813843,0.5741346,0.771137782,0.744529205,0.456556379,NA,ENSG00000070540,WIPI1,"WD repeat domain, phosphoinositide interacting 1",WIPI family|Autophagy related|WD repeat domain containing,other,17q24.2
0.399684224,-1.28958702,2.032131984,-0.634598063,0.525690592,NA,ENSG00000266501,ATG12P1,autophagy related 12 pseudogene 1,None,None,17q25.1
3.328169453,1.58772862,0.754256297,2.105025342,0.035289102,NA,ENSG00000166289,PLEKHF1,pleckstrin homology and FYVE domain containing 1,Zinc fingers FYVE-type|Pleckstrin homology domain containing,other,19q12
1.638124409,0.455677241,1.142523673,0.39883396,0.690015552,NA,ENSG00000104856,RELB,"RELB proto-oncogene, NF-kB subunit",IPT domain containing|NF-kappa B complex subunits,None,19q13.32
0.185235903,0.985015558,3.160746998,0.311640115,0.755314044,NA,ENSG00000180061,TMEM150B,transmembrane protein 150B,None,None,19q13.42
4.077515726,0.547187966,0.74024458,0.739198883,0.459786239,NA,ENSG00000101460,MAP1LC3A,microtubule associated protein 1 light chain 3 alpha,Autophagy related,other,20q11.22
1.271779326,-0.349692775,1.115127884,-0.31358984,0.753832577,NA,ENSG00000158445,KCNB1,potassium voltage-gated channel subfamily B member 1,Potassium voltage-gated channels,None,20q13.13
3.786847679,0.026198185,0.674679806,0.038830546,0.969025491,NA,ENSG00000100330,MTMR3,myotubularin related protein 3,Myotubularins|Zinc fingers FYVE-type|Phosphoinositide phosphatases|MicroRNA protein coding host genes,phosphatase,22q12.2
4.016074096,0.671447517,0.953599534,0.704118965,0.48135869,NA,ENSG00000100342,APOL1,apolipoprotein L1,Apolipoproteins,transporter,22q12.3
4.193002746,0.326951045,0.6271224,0.521351247,0.602122108,NA,ENSG00000221867,MAGEA3,MAGE family member A3,MAGE family,None,Xq28
